url_path,views_total,views_unique
/SuperDuperDB/superduperdb,578,83
/SuperDuperDB/superduperdb-stealth,414,8
/SuperDuperDB/superduperdb-stealth/pulls,362,7
/SuperDuperDB/superduperdb-stealth/issues,188,8
/SuperDuperDB/superduperdb/issues,177,13
/SuperDuperDB/superduperdb/pulls,171,9
/SuperDuperDB/superduperdb-stealth/blob/timo_readme/README.md,119,3
/SuperDuperDB/superduperdb-stealth/edit/timo_readme/README.md,103,4
/SuperDuperDB/superduperdb/actions/workflows/release.yaml,94,2
/SuperDuperDB/superduperdb-stealth/tree/main/superduperdb,75,6
